CustomerID,Age,Gender,Income,SubscriptionLength,AvgMonthlySpend,ProductViews,ComplaintsFiled,DiscountUsed,SatisfactionScore,MonthlySales,Churn
1,56,Male,65648,15,184.94,21,1,1,5,92.1,0
2,69,Male,29516,19,184.13,18,0,1,4,87.12,0
3,46,Male,22396,7,266.57,27,0,1,7,124.2,0
4,32,Female,104082,51,238.09,23,2,0,5,121.92,0
5,60,Male,39129,28,264.1,20,0,0,8,89.94,0
6,25,Male,21591,51,205.84,21,2,1,1,46.68,0
7,38,Male,31303,43,215.85,22,0,1,5,82.13,0
8,56,Female,50561,58,295.05,10,1,1,4,124.8,0
9,36,Female,91719,5,158.2,16,3,0,3,99.37,1
10,40,Male,112108,5,194.86,21,2,0,5,101.89,1
11,28,Male,119616,30,239.91,17,1,0,10,134.67,0
12,28,Male,106231,54,190.21,21,0,1,3,81.52,0
13,41,Male,27314,32,171.49,24,2,0,8,66.0,1
14,53,Female,39623,8,230.92,23,0,0,3,95.73,0
15,57,Female,87675,10,266.79,24,2,0,1,126.76,1
16,41,Female,116826,38,192.96,18,2,0,9,98.99,0
17,20,Female,85082,47,191.57,20,1,1,9,102.26,0
18,39,Male,103624,32,167.62,24,0,1,6,86.78,1
19,19,Male,53130,48,185.2,22,2,0,10,118.66,0
20,41,Male,71756,28,254.18,22,1,0,1,84.59,0
21,61,Female,117624,17,204.05,24,1,0,8,120.62,0
22,47,Male,46292,31,159.75,22,1,0,2,58.36,0
23,55,Female,106206,8,213.12,24,3,0,9,105.32,0
24,19,Female,89274,40,252.56,18,1,1,8,131.25,0
25,38,Male,22469,25,171.91,23,2,0,3,56.93,0
26,50,Male,73947,9,133.57,16,1,0,5,100.69,0
27,29,Male,42534,2,309.54,21,2,0,9,155.37,1
28,39,Female,83620,15,131.07,16,1,1,1,33.13,1
29,61,Male,68874,50,182.05,28,1,1,9,96.1,0
30,42,Female,69708,3,211.61,17,1,1,4,105.64,0
31,66,Male,94553,49,186.38,19,2,1,4,90.53,0
32,44,Female,88344,36,196.25,17,1,1,4,95.78,0
33,59,Female,69138,4,228.84,17,1,0,10,115.66,0
34,45,Male,74302,14,80.41,17,1,1,9,89.08,0
35,33,Female,67638,41,136.66,22,0,0,6,68.73,0
36,32,Female,98249,41,202.21,22,0,1,8,123.03,0
37,64,Male,22719,25,179.79,17,0,1,4,100.25,0
38,68,Female,42890,58,206.47,21,0,1,3,120.13,0
39,61,Male,97236,55,211.38,18,0,1,1,69.02,0
40,69,Female,56509,50,94.2,18,0,1,10,88.94,0
41,20,Male,62534,10,263.68,22,0,1,7,100.82,0
42,54,Male,112241,21,175.09,18,1,1,4,119.95,0
43,68,Female,38787,36,156.72,24,1,1,8,58.71,0
44,24,Female,68845,12,210.42,14,1,1,3,122.48,0
45,38,Female,77932,27,205.36,25,2,1,1,79.73,0
46,26,Female,112124,40,259.83,19,2,1,5,122.27,0
47,56,Female,111659,2,213.59,15,2,0,2,71.51,1
48,35,Male,53062,54,257.91,23,0,0,3,94.15,0
49,21,Female,95713,13,153.09,18,3,1,6,98.59,0
50,42,Male,107263,53,207.09,27,0,1,3,55.74,0
51,31,Male,115756,32,144.26,27,1,1,3,56.59,0
52,67,Female,80461,31,204.88,17,0,1,6,85.41,0
53,26,Male,95418,16,194.29,17,1,1,5,103.09,0
54,43,Male,86672,32,192.14,29,0,0,10,109.18,0
55,19,Male,54832,32,192.57,19,1,0,9,116.08,0
56,37,Male,51966,34,236.82,16,1,0,1,80.14,0
57,45,Female,92545,11,119.63,26,1,0,3,73.36,1
58,64,Male,32987,10,155.01,24,0,1,3,57.9,0
59,24,Female,57311,15,197.97,17,1,1,6,101.4,0
60,61,Female,51575,17,141.07,19,0,1,8,115.46,0
61,25,Male,83852,40,202.31,29,1,1,3,105.33,0
62,64,Female,21007,18,197.46,15,0,0,3,45.4,0
63,52,Female,90981,55,129.81,14,1,0,6,49.22,0
64,31,Female,96242,9,127.34,30,1,1,8,88.07,0
65,34,Male,67517,25,68.81,23,0,0,6,47.1,0
66,53,Female,49257,40,138.97,21,1,0,10,91.43,0
67,67,Female,107272,59,200.72,18,1,1,3,102.04,0
68,57,Female,62207,14,207.81,16,0,0,4,88.93,0
69,21,Male,33281,58,210.09,21,1,1,1,86.03,0
70,19,Female,81246,25,161.1,26,1,0,8,103.04,0
71,23,Male,21435,50,199.08,23,0,0,4,102.36,0
72,59,Male,118875,22,219.86,12,0,0,6,35.44,0
73,21,Male,111357,52,136.6,24,0,0,3,49.45,0
74,46,Male,46660,30,206.17,12,2,1,6,84.79,1
75,35,Male,25084,20,232.82,13,0,1,9,135.0,0
76,43,Male,102197,21,175.46,24,0,1,9,99.6,0
77,61,Female,33507,44,253.11,16,1,1,10,138.25,0
78,51,Male,92595,32,176.63,24,4,0,3,86.23,1
79,27,Female,103807,51,157.0,21,1,1,3,61.09,0
80,53,Female,65539,46,227.84,19,2,0,4,96.56,0
81,31,Male,27491,49,301.66,16,1,0,7,157.37,0
82,48,Female,70192,56,204.27,14,4,1,3,103.61,1
83,65,Female,100395,21,231.75,20,4,1,10,98.81,1
84,32,Female,83888,35,174.56,14,3,1,8,97.23,0
85,25,Female,93609,58,137.92,24,0,0,8,89.69,0
86,31,Male,29077,32,208.31,15,1,0,6,104.3,0
87,40,Female,40953,30,216.22,18,0,1,4,90.72,0
88,57,Male,96919,55,182.1,21,0,0,5,67.88,0
89,38,Female,87889,39,231.55,14,1,0,2,81.52,0
90,33,Female,43821,49,167.3,17,0,0,6,59.3,0
91,62,Male,57567,12,154.9,12,4,0,3,84.06,1
92,35,Female,44860,41,253.03,17,0,0,6,144.13,0
93,64,Female,41195,47,253.27,22,2,1,5,119.97,0
94,41,Female,97475,18,168.28,18,0,1,2,66.74,1
95,43,Male,110874,21,285.94,25,1,1,5,140.85,0
96,42,Female,107266,13,185.64,16,1,0,5,96.93,1
97,62,Male,41427,21,204.24,24,1,0,9,101.96,0
98,58,Female,47083,8,195.77,23,0,1,8,108.92,0
99,46,Male,107046,46,226.19,16,0,1,7,101.47,0
100,32,Male,77372,40,213.57,29,3,1,3,93.81,1
101,62,Female,64064,46,212.9,17,1,1,10,130.7,0
102,18,Female,27813,7,149.02,19,0,0,4,50.05,0
103,42,Male,51598,23,115.57,20,0,1,6,54.18,0
104,24,Male,113106,44,257.11,17,1,1,3,76.46,0
105,26,Female,47082,32,172.73,17,0,0,9,106.0,0
106,41,Male,49241,11,197.55,15,2,1,8,109.79,1
107,18,Female,116214,22,216.34,20,0,1,6,104.23,0
108,61,Female,64569,22,281.45,13,1,0,4,114.38,0
109,25,Female,31745,43,208.07,33,1,0,7,81.05,0
110,41,Female,46029,25,180.26,17,2,0,3,48.52,1
111,28,Male,33025,22,173.82,10,2,1,10,117.47,0
112,68,Female,34288,28,198.13,18,1,0,8,65.77,0
113,34,Male,109186,29,154.53,17,0,0,1,47.03,0
114,25,Female,26540,13,201.44,17,1,0,3,125.61,1
115,52,Male,117768,18,197.4,24,2,1,5,68.45,1
116,52,Female,101958,2,282.08,19,2,1,5,111.98,0
117,50,Male,88878,29,195.82,22,2,1,10,77.39,0
118,22,Male,61846,21,103.78,29,1,0,2,37.91,1
119,59,Female,95932,15,333.68,20,1,1,10,200.43,0
120,56,Female,37482,52,247.84,16,0,1,8,134.49,0
121,58,Female,43411,27,304.12,17,0,1,5,114.81,0
122,45,Female,70975,50,142.13,16,1,1,7,132.07,0
123,24,Male,80545,31,188.91,21,3,1,7,67.88,1
124,26,Female,98797,15,233.72,23,0,1,5,115.34,1
125,25,Male,72307,51,226.82,18,3,0,8,110.24,0
126,29,Male,23093,23,215.35,16,0,1,9,115.46,0
127,51,Female,97258,24,90.02,25,2,1,4,74.4,0
128,50,Male,42042,44,114.38,14,0,1,4,41.37,0
129,65,Male,72930,13,275.88,22,2,1,8,140.12,0
130,40,Male,64413,22,284.77,15,2,1,1,104.89,0
131,41,Male,113623,43,194.67,19,3,0,4,61.93,1
132,54,Female,117883,37,269.52,15,0,0,6,150.61,0
133,52,Female,53756,33,148.84,26,0,1,4,72.32,0
134,61,Female,73268,56,160.28,20,3,1,6,86.31,0
135,57,Female,59214,3,144.89,24,2,0,5,49.11,0
136,39,Male,101871,54,157.5,21,1,0,9,90.03,0
137,44,Male,48602,19,236.13,24,2,1,10,178.73,0
138,52,Female,73331,23,156.88,23,0,1,9,98.16,0
139,18,Female,68901,29,311.99,24,1,1,4,135.17,0
140,52,Female,119986,30,223.0,15,2,1,4,116.66,0
141,54,Male,83416,39,254.23,12,1,1,8,123.24,0
142,64,Female,52196,44,224.5,17,3,1,10,120.01,0
143,31,Female,25626,47,260.71,17,1,1,4,118.51,0
144,20,Female,27424,25,156.6,16,1,1,2,62.95,1
145,18,Male,32857,37,272.35,24,1,1,2,96.27,1
146,22,Male,39982,47,207.05,16,0,1,1,96.71,0
147,43,Male,96961,8,260.46,18,0,1,5,112.65,0
148,31,Male,21980,42,128.02,20,0,0,6,93.67,0
149,56,Male,68290,58,209.03,24,0,0,9,107.07,0
150,44,Male,46431,16,207.26,20,4,0,5,61.83,0
151,26,Male,104976,8,169.04,13,1,0,6,12.85,0
152,32,Male,102711,1,215.66,15,0,0,6,58.69,0
153,32,Female,46385,44,276.98,17,1,0,3,65.62,0
154,43,Female,58158,5,165.19,13,1,0,4,75.54,0
155,59,Male,43019,3,248.09,15,2,1,1,70.75,0
156,30,Male,38639,1,143.63,22,1,1,4,34.71,1
157,68,Female,105530,4,305.47,17,1,0,1,94.87,0
158,49,Male,119911,40,239.23,22,2,1,5,86.23,0
159,56,Male,41563,35,286.26,24,4,1,8,146.34,1
160,66,Male,59341,32,233.6,20,1,1,8,129.85,0
161,69,Female,25776,42,219.53,21,0,1,5,112.79,0
162,49,Female,56444,34,239.65,16,2,0,10,71.53,0
163,21,Female,88916,43,193.18,27,0,0,2,70.21,0
164,47,Female,28711,25,119.11,23,1,1,6,74.45,0
165,54,Female,94318,10,222.37,19,0,0,1,48.23,0
166,40,Male,102970,21,162.22,15,0,1,7,51.67,0
167,56,Female,105553,46,144.92,21,1,0,4,62.35,1
168,62,Male,50707,39,231.81,24,0,0,5,117.03,0
169,32,Male,59110,27,186.04,18,1,0,6,35.08,0
170,60,Female,81788,27,251.39,14,5,0,1,64.47,1
171,46,Female,102879,2,160.55,24,2,1,9,107.0,1
172,53,Male,58827,41,176.46,21,0,1,10,136.49,0
173,30,Male,25655,48,257.51,20,2,0,4,92.01,0
174,49,Male,64859,13,213.99,20,1,0,8,143.82,0
175,24,Female,73625,9,126.13,15,1,0,5,27.68,1
176,68,Female,72098,52,212.89,24,2,0,8,64.73,0
177,39,Female,35251,36,274.06,24,2,1,1,118.77,1
178,45,Female,20526,22,176.07,19,0,0,8,46.78,0
179,19,Female,88760,42,229.9,22,2,1,4,109.3,1
180,59,Male,67837,26,157.53,22,0,1,2,62.47,0
181,62,Female,31536,58,193.16,19,2,0,6,70.88,0
182,23,Male,48541,54,254.49,14,0,1,2,88.51,0
183,45,Male,99083,12,210.96,21,0,1,5,73.56,0
184,45,Male,71027,17,264.46,16,1,1,2,93.77,1
185,61,Female,54531,14,221.27,20,1,1,3,92.73,0
186,61,Female,28712,14,310.94,22,1,1,6,126.06,0
187,37,Female,85455,57,121.75,24,0,1,1,41.03,0
188,47,Male,94744,34,189.14,20,2,0,6,92.82,0
189,28,Male,25109,53,145.77,17,2,1,3,102.77,0
190,45,Male,69268,57,149.19,32,1,1,7,86.03,0
191,42,Male,74615,20,149.64,15,1,1,2,82.04,0
192,56,Male,102503,11,208.39,29,0,1,6,84.64,0
193,50,Male,49759,16,211.32,18,1,1,8,87.61,0
194,18,Female,105708,51,221.37,29,1,0,1,81.93,0
195,44,Female,80112,31,143.85,22,0,0,9,84.58,0
196,69,Female,46589,55,183.79,16,3,1,5,113.53,0
197,30,Female,50015,6,151.79,16,2,1,5,107.85,1
198,58,Male,49009,56,246.79,23,2,1,5,126.97,0
199,20,Male,103309,19,156.49,21,3,1,6,104.34,1
200,56,Female,82046,37,189.31,14,0,1,2,8.99,1
201,23,Male,46143,58,228.02,22,1,1,6,118.4,0
202,25,Female,26154,4,169.22,25,0,0,4,89.27,1
203,44,Female,41804,47,234.69,24,0,1,8,96.17,0
204,26,Female,61688,4,279.8,23,0,1,9,140.27,0
205,54,Male,84288,20,209.49,22,3,1,9,98.09,1
206,50,Female,71195,10,245.08,19,3,1,8,145.02,1
207,68,Female,40581,24,96.33,21,0,1,3,35.83,0
208,59,Female,72648,54,178.55,21,2,0,10,88.76,0
209,61,Male,50087,35,209.25,14,1,0,4,74.19,1
210,41,Male,69930,26,147.35,26,2,1,1,105.49,0
211,32,Female,52981,37,210.38,23,1,0,9,129.36,0
212,49,Male,89298,38,253.0,17,0,0,5,134.0,0
213,49,Male,66167,21,106.02,21,0,0,6,26.59,0
214,41,Male,95304,54,140.55,16,0,1,3,42.58,0
215,58,Male,63408,40,209.24,18,1,0,10,140.44,0
216,69,Male,59499,39,223.02,19,0,1,8,82.65,0
217,66,Male,72269,21,236.9,22,2,1,7,103.74,0
218,66,Male,58559,10,205.54,25,1,1,1,119.02,1
219,69,Male,94319,38,223.08,14,0,1,10,108.35,0
220,29,Male,115317,46,245.17,28,1,0,5,63.53,0
221,56,Male,116347,4,179.28,20,1,1,10,115.73,0
222,19,Female,68787,57,169.57,27,2,1,9,71.63,0
223,20,Female,55488,45,191.57,17,0,1,6,123.07,0
224,66,Male,94441,20,209.97,26,3,1,8,96.39,0
225,54,Female,94663,17,167.09,17,1,1,10,89.07,0
226,66,Female,42431,55,180.31,14,1,0,1,60.38,0
227,34,Male,81681,7,219.89,21,3,0,10,108.93,0
228,66,Male,83483,4,207.89,18,0,1,7,113.31,0
229,19,Male,69153,29,190.73,18,1,0,3,83.55,0
230,19,Female,26368,14,112.95,14,0,0,9,75.24,0
231,45,Female,47424,3,199.82,19,0,1,6,77.67,1
232,40,Male,65004,24,151.5,19,0,0,5,86.01,0
233,54,Male,103869,37,249.15,20,2,0,8,101.88,0
234,49,Male,108652,16,184.56,20,1,1,8,88.99,0
235,50,Female,76985,58,150.19,21,0,1,3,73.96,0
236,18,Female,70069,55,196.92,18,2,0,2,31.4,0
237,36,Female,72326,52,263.53,22,2,1,2,107.98,1
238,19,Female,101061,4,231.54,21,1,1,5,109.43,0
239,61,Male,43398,56,211.0,24,0,1,10,146.94,0
240,43,Male,118393,24,133.7,24,3,0,7,66.3,0
241,49,Male,70861,34,281.08,24,0,0,8,152.02,0
242,23,Male,95897,30,168.92,20,1,1,10,122.27,0
243,49,Female,101905,18,246.69,16,1,0,8,114.27,1
244,21,Female,88577,19,183.73,21,2,1,8,142.5,1
245,28,Male,85641,31,241.88,17,0,1,10,135.32,0
246,34,Male,29078,19,265.34,17,0,1,3,95.08,0
247,55,Female,45003,49,232.41,22,1,1,2,93.3,0
248,41,Male,82768,46,237.79,11,3,1,4,91.11,0
249,22,Female,71047,19,195.08,20,0,0,1,72.0,0
250,69,Male,91626,22,178.3,19,0,0,3,95.85,0
251,51,Male,77660,24,206.91,22,1,1,9,118.01,0
252,23,Male,69786,45,183.0,24,4,0,7,92.9,0
253,39,Male,21925,12,323.36,29,1,1,7,159.41,0
254,28,Male,103976,30,150.38,22,0,1,1,84.96,0
255,65,Male,46015,58,250.1,18,1,1,7,111.88,0
256,33,Male,53320,38,225.86,24,0,1,10,132.4,0
257,50,Female,84881,53,211.49,21,2,1,7,125.54,0
258,26,Female,110827,31,273.99,25,1,0,4,110.05,1
259,23,Female,46289,36,214.92,12,1,1,7,72.83,0
260,33,Female,23389,19,168.25,11,2,0,8,110.68,0
261,46,Female,45683,48,214.59,13,1,1,3,100.48,0
262,20,Male,33629,45,190.84,22,1,0,10,120.23,0
263,37,Male,81550,36,225.16,19,1,1,2,64.65,0
264,53,Female,44826,30,240.65,19,0,0,7,111.19,0
265,36,Male,46630,55,157.05,14,2,0,5,89.68,0
266,43,Female,118762,49,259.77,15,1,1,5,96.07,0
267,20,Female,66163,55,187.26,20,1,1,5,79.77,1
268,36,Male,118511,33,222.18,26,0,0,7,120.16,0
269,37,Male,86435,18,230.85,15,2,0,9,101.66,0
270,49,Male,31653,52,218.37,23,0,1,8,112.49,0
271,24,Female,47961,49,194.54,13,2,1,6,78.32,0
272,69,Male,101941,59,175.57,16,2,0,7,124.87,0
273,58,Female,94137,28,186.55,20,2,1,9,122.38,1
274,50,Female,53662,59,278.26,21,0,0,6,109.42,0
275,57,Female,118818,47,156.71,21,2,1,1,54.22,0
276,56,Male,76446,11,164.04,18,1,0,4,45.54,0
277,35,Male,41288,57,161.84,20,1,1,8,97.35,0
278,57,Female,115081,54,206.79,20,1,0,7,111.34,0
279,18,Male,56877,45,123.76,16,2,1,3,46.73,0
280,28,Male,35313,33,132.32,18,0,0,10,92.71,0
281,45,Male,100885,17,186.95,15,0,0,3,64.49,0
282,42,Female,92715,6,135.61,18,1,0,3,84.19,0
283,67,Female,30326,4,139.69,21,0,1,1,45.22,1
284,40,Male,21560,20,135.99,20,1,1,10,117.34,0
285,48,Female,99148,48,157.67,27,0,1,1,91.53,1
286,47,Male,103186,47,236.56,24,0,1,6,104.63,0
287,59,Male,46745,27,247.79,18,0,1,1,78.47,0
288,52,Male,51890,15,295.95,21,0,1,5,143.29,0
289,24,Male,40022,6,294.12,21,1,0,4,73.66,1
290,33,Female,72579,47,239.32,14,1,1,5,116.11,0
291,43,Female,90316,14,251.38,15,0,0,7,79.66,0
292,65,Female,103847,11,206.56,25,0,1,6,127.67,0
293,69,Male,48380,39,225.99,19,0,1,9,118.71,0
294,66,Male,22356,9,297.18,17,1,1,6,128.19,0
295,19,Male,90326,26,218.56,12,0,1,9,106.68,0
296,18,Female,112447,16,257.66,29,0,1,4,77.09,0
297,65,Male,109899,5,153.28,19,0,1,1,87.25,0
298,29,Female,40049,57,166.69,15,0,0,1,52.34,0
299,22,Female,95717,52,215.6,17,1,0,10,179.71,0
300,54,Female,36082,10,207.5,21,1,1,7,92.1,0
301,49,Female,20661,50,169.0,22,3,1,3,63.87,0
302,26,Female,57412,3,320.37,14,2,0,2,88.87,1
303,58,Female,22920,13,208.63,16,2,0,6,89.87,0
304,52,Male,111194,43,177.86,18,0,0,6,115.76,0
305,36,Male,80315,49,207.58,17,0,0,7,118.33,0
306,65,Female,99561,30,201.27,20,1,1,5,66.29,0
307,33,Female,28946,54,209.39,16,2,1,8,137.7,0
308,20,Male,114242,45,120.31,14,2,1,7,95.45,0
309,37,Female,65500,6,264.6,27,3,1,2,110.36,1
310,41,Female,36309,17,267.44,19,2,1,1,82.5,1
311,50,Male,75230,59,273.52,21,3,0,9,115.91,0
312,41,Female,118656,45,216.27,19,1,0,5,93.57,0
313,69,Female,50027,51,233.12,24,0,1,5,95.07,0
314,28,Female,92541,53,156.69,15,1,0,10,124.01,0
315,66,Male,79321,19,241.64,23,0,1,4,91.72,1
316,25,Male,20956,42,212.59,13,2,0,2,35.49,0
317,53,Male,94131,35,176.98,22,1,0,5,53.16,0
318,55,Female,67908,46,243.24,11,0,0,2,58.76,0
319,57,Female,98339,26,245.17,24,2,1,7,114.48,0
320,37,Male,45963,51,203.03,22,1,0,9,111.33,0
321,52,Female,59443,5,221.92,14,0,1,9,123.35,0
322,65,Female,119259,29,148.41,15,0,0,6,84.49,0
323,42,Female,59063,37,262.16,22,2,1,1,89.7,0
324,52,Female,100818,20,155.06,21,2,1,6,83.23,0
325,42,Female,24703,49,164.73,18,0,1,5,120.36,0
326,46,Male,85128,21,203.12,19,0,1,4,115.99,0
327,35,Female,92099,10,255.73,22,1,0,6,115.99,0
328,63,Male,45849,5,255.7,18,1,0,6,125.94,0
329,35,Female,51860,36,199.76,31,1,1,6,62.95,0
330,19,Male,51585,6,238.65,20,1,0,2,66.14,0
331,52,Female,42015,26,115.55,23,3,0,7,62.17,0
332,33,Male,97539,4,164.03,25,0,1,4,64.24,0
333,58,Female,63585,39,165.05,23,0,1,9,74.75,0
334,53,Male,46958,39,262.61,20,0,1,10,148.19,0
335,50,Female,46017,50,232.73,26,1,1,2,118.83,1
336,21,Male,96707,35,209.23,19,0,1,5,98.46,0
337,50,Female,65350,1,214.09,22,1,1,4,108.29,0
338,31,Male,32201,24,278.42,11,0,1,9,138.23,0
339,38,Male,49426,57,191.49,21,0,0,4,69.66,0
340,65,Female,37778,36,134.3,14,1,0,8,99.37,0
341,37,Female,65241,6,254.36,18,0,1,8,98.64,1
342,25,Male,62229,41,209.09,23,2,1,6,66.61,0
343,24,Female,106652,54,247.68,18,3,1,6,86.36,1
344,20,Male,68364,46,197.76,22,0,1,8,127.5,0
345,34,Male,118833,44,158.07,17,0,1,10,110.02,0
346,50,Male,104878,57,220.14,12,2,0,9,119.17,0
347,65,Female,77056,31,200.51,16,0,0,5,119.49,0
348,29,Male,47490,20,209.25,18,2,1,1,55.41,1
349,68,Male,39975,24,280.83,19,4,1,1,124.28,1
350,39,Female,46723,25,145.06,20,0,0,2,46.59,0
351,39,Female,43279,36,214.3,19,0,0,10,104.27,0
352,63,Female,98301,21,159.05,27,1,0,10,100.69,0
353,47,Female,31561,30,70.47,23,1,1,5,62.05,0
354,55,Male,86061,24,197.55,17,1,1,4,85.9,1
355,55,Male,108397,44,201.55,27,0,1,1,89.02,0
356,62,Male,69153,42,231.18,13,1,0,4,91.71,0
357,68,Male,53142,30,189.12,13,1,1,4,83.4,1
358,25,Female,46916,22,125.55,21,1,1,10,90.39,0
359,44,Male,84324,28,158.88,18,1,1,4,83.33,0
360,44,Male,64965,7,265.85,16,2,0,1,58.42,0
361,51,Female,24648,35,158.17,17,0,1,9,81.81,0
362,38,Male,55133,55,279.16,14,1,1,3,102.1,0
363,47,Male,70677,28,252.5,17,1,0,4,107.5,0
364,50,Male,116059,14,184.11,24,2,0,5,124.29,1
365,45,Male,114588,56,163.55,17,2,1,7,91.73,0
366,64,Male,119950,10,252.4,18,3,1,6,81.14,0
367,50,Male,118317,16,187.95,15,1,0,5,66.33,0
368,22,Female,90135,16,122.72,18,2,0,8,90.89,0
369,65,Female,55046,54,228.12,21,0,0,1,55.08,0
370,36,Male,67064,31,220.86,15,1,1,7,85.89,0
371,21,Male,89350,42,256.89,24,0,1,6,131.34,0
372,52,Female,65893,25,217.48,21,0,1,5,110.59,0
373,66,Male,81272,13,172.54,18,0,1,7,68.21,1
374,34,Male,112152,6,263.48,18,1,0,3,77.04,0
375,61,Male,87649,44,268.35,17,0,1,1,121.25,0
376,45,Female,84674,9,211.66,17,0,1,9,136.4,0
377,47,Male,33760,45,203.02,21,0,0,2,48.01,0
378,46,Female,41927,36,133.84,22,1,1,10,61.47,0
379,63,Male,106475,56,169.62,26,1,1,3,82.56,0
380,23,Female,81367,43,238.04,16,0,1,8,116.29,0
381,52,Female,117955,20,172.14,22,0,0,10,106.38,0
382,58,Male,32588,18,127.16,11,0,1,9,106.39,0
383,54,Female,72233,58,374.79,19,2,1,3,119.26,0
384,41,Male,64738,43,126.83,27,1,0,6,60.76,0
385,46,Female,53397,57,312.84,20,2,0,7,111.87,0
386,66,Male,102189,21,184.63,28,1,0,1,44.52,0
387,63,Male,96367,4,195.77,24,2,1,7,116.23,1
388,48,Female,91260,50,166.39,18,0,1,4,83.7,0
389,52,Male,96619,33,239.14,26,0,0,5,66.78,0
390,50,Male,39816,27,128.01,15,2,0,8,93.66,0
391,69,Female,62240,7,107.98,10,2,0,4,45.89,0
392,38,Male,26276,6,280.51,32,2,1,4,131.18,1
393,49,Male,99530,15,159.8,22,0,1,8,78.75,0
394,40,Female,43499,18,237.3,18,1,1,5,88.58,0
395,50,Female,108576,32,145.73,16,1,1,6,89.55,0
396,20,Male,102495,56,235.42,22,0,1,5,84.8,0
397,35,Male,91635,11,284.18,18,2,0,1,85.66,1
398,42,Female,105112,20,173.64,14,2,0,7,63.59,0
399,59,Female,55946,24,103.33,22,0,1,6,64.27,0
400,48,Male,75204,15,284.44,17,2,0,2,95.54,0
401,20,Female,71886,48,246.31,12,3,0,7,109.8,0
402,57,Male,91652,7,176.32,20,1,1,6,86.6,1
403,63,Male,35563,21,189.1,24,3,1,5,99.6,0
404,41,Male,112324,42,144.47,27,0,0,8,87.65,0
405,67,Male,112464,26,271.01,25,0,0,5,105.77,0
406,49,Male,29847,44,173.26,16,1,0,2,50.26,0
407,64,Female,46155,56,129.06,17,1,1,6,100.93,0
408,39,Female,99671,14,210.68,15,1,0,1,76.68,0
409,40,Female,103310,57,157.0,19,1,0,5,52.33,0
410,19,Female,87278,37,148.5,22,0,1,6,98.63,0
411,44,Male,38309,58,178.5,29,0,0,7,107.51,0
412,59,Male,20619,21,204.32,17,0,0,2,70.51,0
413,19,Male,103194,18,130.94,21,1,0,1,45.03,0
414,43,Male,70108,5,269.26,22,3,0,6,70.7,0
415,34,Female,54707,3,233.86,22,1,0,3,69.39,0
416,57,Male,40337,23,181.73,16,2,0,5,97.19,0
417,50,Male,101537,26,154.83,22,1,1,2,51.9,0
418,26,Female,86504,37,195.54,19,1,0,1,61.42,0
419,60,Female,67614,24,244.97,17,0,1,1,72.17,1
420,65,Female,111428,49,237.23,28,3,1,4,107.19,1
421,56,Female,111155,19,252.93,19,3,1,10,144.7,0
422,46,Male,20281,51,175.98,14,0,0,2,71.9,0
423,59,Male,47420,25,53.75,14,0,0,1,-0.96,0
424,43,Female,100896,21,262.39,17,2,1,6,121.7,0
425,52,Male,59030,12,191.64,12,0,1,4,119.62,1
426,67,Male,21058,57,233.31,26,0,1,10,146.26,0
427,42,Male,106213,41,283.46,23,1,0,7,123.05,0
428,41,Female,96260,33,321.72,26,0,1,6,99.2,0
429,30,Male,48404,50,167.51,16,1,0,5,71.07,0
430,24,Female,49856,53,206.7,16,1,0,10,145.74,0
431,53,Male,29200,4,268.34,15,0,1,2,127.62,0
432,62,Male,84178,42,157.79,19,2,0,5,82.52,0
433,37,Male,53997,57,170.89,14,1,1,9,92.58,0
434,18,Female,45611,7,170.6,11,2,1,9,107.78,1
435,25,Male,61235,22,198.6,20,1,1,2,96.05,0
436,63,Female,55057,55,188.99,26,1,1,7,121.81,0
437,33,Female,21239,33,170.31,20,1,1,10,118.35,0
438,31,Female,85661,17,151.71,25,1,1,4,93.86,1
439,29,Male,65272,24,240.6,14,1,0,3,86.71,1
440,68,Male,109393,34,266.89,22,1,1,1,94.11,0
441,40,Male,81212,28,274.14,17,1,0,3,88.91,0
442,32,Male,35398,58,175.95,17,1,0,9,107.13,0
443,45,Female,76503,43,242.69,18,1,0,9,138.71,0
444,51,Female,26638,41,211.82,20,0,1,7,123.71,0
445,19,Female,26570,39,171.47,13,0,1,3,52.73,0
446,49,Male,88785,22,236.71,20,2,1,3,73.72,1
447,40,Female,29110,49,169.17,23,0,0,4,93.97,0
448,39,Male,99141,17,181.19,23,1,1,7,104.04,0
449,68,Female,32115,34,131.16,16,1,1,7,89.46,0
450,42,Male,59062,6,176.79,23,1,1,2,78.05,1
451,39,Male,42911,46,212.69,16,2,1,5,134.64,0
452,39,Female,52556,6,278.45,28,0,0,7,111.01,0
453,66,Female,98131,34,182.33,16,2,1,7,122.83,0
454,69,Female,21969,1,148.09,17,0,1,6,89.95,0
455,59,Female,63753,10,274.87,12,1,1,10,111.05,0
456,23,Male,102811,21,174.77,23,1,1,10,97.08,0
457,32,Female,24470,5,112.58,24,3,1,8,72.83,1
458,60,Female,30225,2,206.65,17,1,1,3,109.71,1
459,54,Female,43196,22,183.76,17,1,0,1,85.52,1
460,50,Male,33669,48,315.02,26,0,0,3,117.88,0
461,25,Male,57380,57,223.77,26,1,1,2,77.98,0
462,61,Female,68320,2,192.68,20,3,1,2,60.58,1
463,61,Male,67414,10,153.78,18,2,0,2,79.79,1
464,22,Female,35577,34,216.51,14,1,1,5,74.96,0
465,56,Male,108009,16,272.84,27,2,1,1,96.12,0
466,21,Male,75409,48,215.59,14,1,1,10,172.67,0
467,23,Male,48625,51,157.63,15,1,1,4,67.64,0
468,62,Male,101040,39,226.94,11,0,1,10,103.2,0
469,49,Female,44089,22,197.57,18,1,1,5,59.86,0
470,69,Female,56487,12,222.43,23,1,1,2,135.96,0
471,47,Female,85838,24,182.26,25,1,1,5,97.9,0
472,64,Male,116999,47,181.09,17,2,0,10,87.8,0
473,52,Female,114795,40,179.11,23,0,0,4,71.1,0
474,57,Female,70138,38,247.11,18,1,1,8,111.77,0
475,69,Female,62823,59,181.59,24,1,1,1,33.41,0
476,33,Male,57208,10,177.01,26,3,1,5,105.17,1
477,30,Male,74061,35,152.9,15,0,1,10,107.3,0
478,67,Male,50659,51,222.7,23,1,0,1,87.06,0
479,59,Female,51890,49,215.59,19,0,1,10,125.76,0
480,47,Female,99134,32,177.56,16,0,1,10,116.69,0
481,36,Female,67055,7,164.53,25,1,1,4,35.91,0
482,34,Male,39508,21,293.81,20,0,1,8,157.3,0
483,36,Male,62287,20,105.98,30,0,1,1,26.53,0
484,45,Female,98916,26,224.66,19,2,1,2,71.71,1
485,43,Male,46984,4,264.57,23,1,1,1,84.96,0
486,54,Male,28125,46,30.66,19,0,0,7,3.97,0
487,43,Male,56059,52,239.71,22,0,1,2,81.36,0
488,40,Male,89569,22,188.99,22,2,1,1,59.75,0
489,26,Female,37087,15,212.8,19,1,1,6,97.23,0
490,29,Male,25704,56,183.84,16,2,0,6,51.93,0
491,18,Male,80576,40,253.77,30,0,1,10,156.19,0
492,18,Male,93384,21,218.16,23,1,1,2,94.56,0
493,64,Male,107128,15,206.59,25,3,1,1,60.95,1
494,51,Female,92460,22,155.06,23,0,0,10,86.04,0
495,49,Female,47208,52,294.11,25,1,1,3,131.25,0
496,65,Male,105150,28,200.5,22,1,1,10,116.1,0
497,42,Male,86024,14,314.49,20,0,1,5,105.54,0
498,57,Male,59882,27,296.38,22,0,0,6,118.34,0
499,62,Male,45923,41,111.08,19,1,0,3,27.52,0
500,18,Male,49165,40,167.25,23,2,1,9,92.17,0
501,33,Male,87203,58,148.15,25,1,0,5,69.68,0
502,56,Female,111749,28,197.59,22,1,0,2,91.48,0
503,22,Male,24114,26,209.36,23,1,0,10,154.42,0
504,39,Female,84965,49,211.5,16,3,1,6,131.5,1
505,46,Female,56321,2,252.71,21,1,1,8,125.43,1
506,20,Male,93297,25,274.68,24,1,0,6,158.75,0
507,29,Female,116652,56,248.37,15,4,0,4,106.43,1
508,43,Female,119304,3,171.95,20,1,1,6,72.99,0
509,33,Female,45426,8,160.9,20,2,1,8,101.16,0
510,68,Female,37772,44,200.14,16,1,0,8,87.7,1
511,54,Female,23712,33,221.31,12,0,0,10,92.03,0
512,39,Female,21367,42,190.84,25,1,1,2,55.02,0
513,46,Male,111736,52,132.73,18,0,1,8,87.77,0
514,31,Female,71924,35,234.1,16,2,1,6,126.11,0
515,45,Female,23726,6,180.38,16,0,1,2,96.28,1
516,22,Female,109152,39,178.87,16,1,0,1,34.57,0
517,64,Male,47723,52,197.27,19,1,1,6,94.07,0
518,66,Female,29108,23,188.01,25,2,1,7,112.38,0
519,47,Male,97714,25,181.67,13,2,1,10,118.19,0
520,63,Female,55643,59,135.99,21,1,0,5,80.74,0
521,69,Male,51324,50,194.39,16,2,1,10,110.42,0
522,22,Male,103360,43,235.15,17,1,1,8,146.85,0
523,29,Female,28927,19,213.23,26,0,0,9,110.18,0
524,33,Female,113680,5,247.41,17,2,1,4,120.23,1
525,43,Male,116546,51,163.57,16,1,0,7,77.26,0
526,43,Female,42443,11,136.1,14,1,0,8,82.7,0
527,65,Male,99973,56,187.71,20,0,0,6,55.39,0
528,38,Male,83449,12,169.29,21,1,0,2,45.1,1
529,56,Male,96743,10,174.48,17,1,0,7,84.04,1
530,53,Male,80233,8,210.59,16,0,1,9,120.98,0
531,50,Male,45537,24,174.85,13,0,1,5,141.73,0
532,47,Female,97576,28,137.5,23,1,1,2,54.76,0
533,54,Male,42612,41,172.05,22,4,0,4,45.18,1
534,40,Male,113977,36,217.0,21,0,1,3,125.2,0
535,27,Female,26471,37,233.57,19,1,1,4,122.6,1
536,22,Male,55631,21,233.07,23,3,1,10,107.94,0
537,53,Female,112059,8,221.22,24,1,1,7,121.87,1
538,51,Female,51348,55,191.6,18,1,1,10,135.08,0
539,69,Female,84732,9,220.25,19,1,1,8,120.3,0
540,48,Male,21177,47,197.88,11,3,1,1,81.43,1
541,27,Male,24760,15,205.65,21,2,0,8,90.1,1
542,36,Male,52779,48,153.03,22,0,1,5,92.08,0
543,49,Female,41636,46,202.19,22,0,1,7,96.93,0
544,18,Male,101889,40,218.93,14,0,1,1,28.47,0
545,22,Female,73551,18,217.06,20,2,1,2,90.04,1
546,62,Male,31556,42,135.62,18,2,1,1,23.07,0
547,21,Female,47598,20,204.81,20,2,1,5,117.71,0
548,33,Male,31563,6,127.81,21,0,0,6,46.78,1
549,41,Male,66819,12,208.68,20,1,0,10,64.54,0
550,33,Male,93770,2,164.93,22,1,0,9,60.19,0
551,19,Female,111055,7,285.28,20,1,1,8,135.75,0
552,66,Female,46966,16,205.96,10,0,1,7,111.02,0
553,45,Male,101709,3,240.06,18,1,1,5,79.67,1
554,49,Male,79889,45,305.54,18,3,1,3,96.11,1
555,44,Female,46987,3,159.13,29,2,1,9,104.03,0
556,37,Female,98714,27,221.78,19,0,1,5,121.93,0
557,41,Female,78348,50,140.7,29,1,1,3,44.46,0
558,29,Male,44596,43,217.24,20,0,1,3,98.76,0
559,67,Female,53174,40,288.29,21,0,1,3,77.76,0
560,52,Male,84106,38,168.61,15,1,0,6,87.65,0
561,50,Female,89967,33,155.7,21,2,1,1,77.88,1
562,50,Male,79182,28,195.44,25,0,1,4,100.37,0
563,68,Female,113300,1,302.29,18,4,0,8,151.47,1
564,60,Female,107163,55,238.55,17,1,1,3,115.97,0
565,54,Female,59310,8,154.75,23,0,1,5,119.51,1
566,29,Female,76088,37,272.75,14,1,1,2,104.7,1
567,20,Female,28906,32,117.25,17,0,0,2,83.02,0
568,18,Male,56914,48,306.83,23,1,1,7,119.32,0
569,50,Female,65379,43,242.82,23,1,1,10,129.89,0
570,57,Female,98612,37,288.18,17,0,0,3,100.0,0
571,27,Female,57650,4,117.61,15,0,1,5,50.18,0
572,60,Male,66881,30,208.47,20,0,0,3,31.33,0
573,61,Female,66413,6,193.31,25,0,0,6,106.63,0
574,46,Male,26012,46,149.65,11,1,0,10,76.85,0
575,30,Female,70115,54,135.2,23,3,0,3,48.69,0
576,29,Female,27151,19,225.35,27,0,1,8,150.65,1
577,48,Male,77716,32,229.89,14,3,0,2,91.11,1
578,63,Female,113747,9,265.0,23,3,1,3,140.45,1
579,19,Male,112653,12,174.83,18,2,1,8,105.76,0
580,68,Male,56378,11,192.92,19,2,1,8,119.94,0
581,67,Female,62652,46,130.88,14,1,1,1,50.15,1
582,52,Male,92430,55,277.04,25,3,1,8,117.39,0
583,40,Female,33467,16,203.48,24,1,1,10,133.28,0
584,34,Female,51010,1,236.13,20,0,0,2,73.12,1
585,43,Male,74691,45,237.9,23,0,1,7,130.41,0
586,25,Male,84157,55,272.96,14,1,1,6,111.18,0
587,46,Male,32289,53,158.43,27,1,0,2,55.37,0
588,43,Male,64976,21,234.88,17,1,0,5,94.41,0
589,27,Female,63596,30,198.75,17,0,0,7,117.01,0
590,43,Female,43171,13,305.28,9,0,1,8,133.55,0
591,51,Male,106365,34,158.28,22,3,1,3,97.32,0
592,68,Female,119590,4,258.57,18,0,1,1,75.37,0
593,58,Female,64139,28,217.52,18,1,0,7,106.55,0
594,24,Female,68713,38,214.89,17,1,1,5,86.56,0
595,21,Female,49734,58,202.7,20,0,0,5,109.12,0
596,67,Male,92588,31,267.33,23,3,0,7,99.98,0
597,62,Male,83646,59,213.19,25,0,1,1,65.87,0
598,28,Female,23654,55,123.78,19,1,0,8,52.96,0
599,46,Male,109022,27,260.98,19,0,0,10,131.3,1
600,53,Male,38743,5,251.81,18,0,0,5,113.26,0
601,42,Male,68368,25,229.36,16,0,1,8,129.27,0
602,38,Female,110025,3,143.58,18,3,1,10,101.09,1
603,53,Female,94172,33,151.34,26,1,1,10,93.49,0
604,27,Female,26441,4,106.13,22,2,1,5,62.37,0
605,54,Male,44611,25,223.02,16,1,0,7,97.9,0
606,26,Female,32149,20,132.52,21,0,1,10,105.86,0
607,41,Female,79189,34,114.06,17,2,1,3,63.75,0
608,52,Male,41675,26,263.75,25,1,0,2,125.17,0
609,66,Female,91031,5,238.41,17,0,0,6,103.17,0
610,52,Female,62668,35,183.34,17,0,0,5,88.07,0
611,65,Male,33673,28,193.3,13,1,1,9,115.07,0
612,53,Male,96666,29,79.63,14,1,0,10,68.05,0
613,35,Male,108204,9,245.84,21,2,1,4,111.88,1
614,66,Female,100758,52,165.36,11,0,0,3,56.74,0
615,56,Female,85429,38,216.51,16,1,0,9,109.59,0
616,49,Female,43669,50,75.57,13,0,1,8,96.51,0
617,41,Male,54068,6,248.88,27,1,1,6,106.31,0
618,40,Male,108789,19,162.36,20,2,0,1,62.45,1
619,49,Female,29435,44,131.2,23,1,0,10,40.88,0
620,54,Female,114088,57,183.02,19,0,0,1,57.15,0
621,29,Male,72249,11,170.18,18,1,0,6,72.11,0
622,66,Male,57384,2,253.71,23,0,0,3,94.67,0
623,30,Male,101929,47,178.98,15,0,1,3,74.72,0
624,40,Male,96153,44,268.13,15,0,1,6,124.02,0
625,42,Female,95388,44,216.51,17,0,1,3,83.23,0
626,52,Male,51401,9,244.72,25,2,0,10,132.39,0
627,58,Female,91831,21,199.89,22,3,0,6,56.77,1
628,47,Female,54084,24,263.6,17,0,0,5,107.16,0
629,34,Female,75826,34,142.32,15,1,1,4,54.7,0
630,66,Male,56451,22,205.68,16,0,1,8,135.86,0
631,37,Male,27227,3,180.18,19,1,0,2,45.94,0
632,65,Male,51910,12,269.83,19,0,1,7,146.8,0
633,42,Male,56041,28,274.95,17,1,1,4,113.1,0
634,39,Female,108920,30,200.02,18,2,0,2,34.33,1
635,30,Male,85681,26,135.42,19,0,0,7,59.05,0
636,36,Male,101571,48,221.35,22,1,1,1,99.46,0
637,66,Female,85481,21,116.77,19,1,1,4,81.8,0
638,53,Male,88576,28,281.31,25,1,0,9,104.66,0
639,29,Female,84174,56,176.34,19,1,0,4,105.11,0
640,58,Female,46160,26,198.47,16,1,1,3,84.85,0
641,36,Female,37633,33,165.95,17,0,0,10,118.33,0
642,29,Female,114880,21,154.91,16,0,1,10,83.04,0
643,26,Female,37014,35,236.86,10,1,1,2,82.44,1
644,24,Female,100532,52,192.07,19,1,0,3,81.89,0
645,45,Female,69104,34,202.12,22,2,0,1,60.47,0
646,31,Female,61621,41,149.81,25,0,1,10,47.78,0
647,48,Male,97231,51,242.8,20,0,0,8,110.02,0
648,69,Male,88388,47,247.89,17,1,0,1,40.92,0
649,36,Male,36014,18,189.55,20,0,1,3,61.45,0
650,64,Male,112578,58,263.4,16,1,0,3,66.76,0
651,33,Female,53755,11,194.79,28,1,1,2,102.49,0
652,22,Male,60390,57,238.99,17,1,0,5,126.47,0
653,52,Female,43711,23,118.85,22,2,1,10,103.59,1
654,29,Male,111658,48,217.67,21,0,0,3,76.75,0
655,42,Male,77993,22,186.43,24,1,1,3,82.7,0
656,69,Male,94696,17,207.78,17,3,1,8,135.82,1
657,38,Female,47213,5,205.53,14,0,0,4,42.69,0
658,53,Male,77784,44,206.28,20,2,1,4,71.38,0
659,40,Female,27421,11,230.79,17,4,0,3,105.17,1
660,33,Female,106936,30,171.74,26,0,1,1,92.07,1
661,56,Male,119073,15,228.45,18,1,1,8,131.23,0
662,62,Male,37727,27,261.63,23,2,1,1,73.74,1
663,59,Male,24358,35,129.49,29,1,0,7,95.09,0
664,56,Female,85108,33,160.97,20,0,1,5,111.52,0
665,31,Male,114018,20,163.07,13,2,0,4,83.94,1
666,48,Female,52117,16,145.4,16,3,1,4,24.54,1
667,22,Female,108700,34,176.27,17,3,1,8,106.22,0
668,52,Male,51910,2,251.66,20,2,0,6,118.2,0
669,40,Male,118032,35,272.38,22,0,0,1,77.5,0
670,46,Female,75754,40,205.31,15,0,1,10,126.08,0
671,60,Female,82438,56,183.79,16,0,1,8,95.67,0
672,28,Female,49371,28,240.15,12,2,0,2,65.41,1
673,35,Male,71501,47,81.8,25,0,0,6,86.0,0
674,64,Female,80946,39,147.24,19,1,1,9,104.42,0
675,29,Male,58467,6,83.92,10,0,0,1,8.56,0
676,26,Female,37625,9,146.72,16,0,0,6,47.28,0
677,27,Female,53893,20,161.65,23,1,0,8,72.43,0
678,61,Male,96329,1,273.88,22,1,0,10,116.15,0
679,34,Female,51007,8,61.95,12,6,1,2,42.12,1
680,55,Male,111302,55,179.16,19,0,1,5,99.41,0
681,24,Male,59532,23,230.98,19,0,1,6,119.93,0
682,63,Female,74253,3,220.54,21,0,0,5,77.21,0
683,30,Male,32323,4,273.09,21,1,1,3,126.39,1
684,57,Male,93379,58,208.05,16,2,1,4,117.77,0
685,59,Female,34210,25,218.71,27,2,0,7,96.76,0
686,26,Male,36456,47,108.07,26,1,1,4,43.08,0
687,67,Male,51367,38,150.59,20,1,1,9,103.18,0
688,44,Male,74624,15,110.86,23,2,1,10,137.61,0
689,19,Female,30106,21,228.63,25,0,1,2,68.67,0
690,22,Male,88008,35,217.43,19,2,1,5,90.66,0
691,46,Female,92240,57,215.68,18,1,0,8,106.75,0
692,54,Female,84315,53,155.93,12,2,1,5,93.21,0
693,55,Male,89249,53,151.35,26,0,0,10,56.99,0
694,36,Male,90587,46,210.47,23,4,1,8,140.41,1
695,25,Male,30756,52,166.53,17,1,1,8,126.65,0
696,65,Female,88011,14,148.98,24,1,1,9,92.4,0
697,62,Male,56378,36,174.58,29,0,1,10,167.96,0
698,18,Male,24255,12,166.96,21,1,1,6,115.69,1
699,39,Male,34484,17,156.66,29,0,0,4,91.94,0
700,69,Male,76549,39,138.71,23,1,1,3,91.51,0
701,34,Male,54503,9,222.43,16,0,1,5,125.7,0
702,24,Female,93794,35,277.8,31,0,1,6,124.45,0
703,42,Female,65113,13,198.05,26,2,1,3,83.3,1
704,62,Male,94069,15,211.12,11,2,0,2,55.01,0
705,21,Male,118117,18,226.82,11,2,0,7,92.05,1
706,53,Male,25249,51,218.33,13,0,1,5,94.93,0
707,23,Male,39201,33,157.65,13,2,1,9,104.25,0
708,48,Female,78576,6,285.99,25,1,0,3,134.01,0
709,36,Male,29686,59,162.13,27,2,1,8,57.94,0
710,61,Female,73363,27,232.4,16,1,1,6,137.42,0
711,56,Female,117543,23,226.51,18,0,0,4,68.62,0
712,44,Male,20661,59,102.08,24,2,1,9,84.73,0
713,27,Female,64843,27,182.06,23,1,1,5,76.28,0
714,43,Female,115673,34,202.83,23,0,1,10,159.08,0
715,36,Female,80963,56,206.66,14,1,1,6,92.7,0
716,56,Female,62828,46,215.07,15,1,1,9,130.7,0
717,20,Male,68604,38,237.88,25,1,0,7,119.08,0
718,62,Male,30526,14,199.62,23,3,0,5,62.84,1
719,30,Female,88910,36,217.73,26,1,0,2,74.68,0
720,67,Male,45592,53,197.75,19,2,1,4,114.36,0
721,45,Male,48982,8,149.13,22,1,0,2,38.37,1
722,37,Male,20207,35,201.62,14,2,0,3,92.77,0
723,45,Male,108733,19,237.45,21,1,0,10,115.66,0
724,25,Male,118936,30,255.44,14,0,0,3,115.61,0
725,58,Female,88619,14,226.87,21,2,1,4,134.06,1
726,56,Male,49328,59,266.72,15,1,0,6,70.61,0
727,18,Male,66479,20,220.94,17,4,1,3,65.37,1
728,20,Male,40103,49,243.19,16,0,1,10,124.99,0
729,30,Male,59891,25,246.87,25,1,0,1,109.62,0
730,45,Female,30754,40,188.83,23,0,1,1,83.45,1
731,66,Female,119983,24,236.3,20,1,1,9,101.99,0
732,42,Female,101437,14,152.97,20,5,0,9,105.47,1
733,50,Female,118540,26,217.49,24,1,0,5,73.17,0
734,55,Male,92982,38,228.85,18,2,0,9,131.97,0
735,23,Female,75922,23,252.55,19,0,0,7,122.49,0
736,61,Male,68231,22,241.04,25,1,0,9,100.2,0
737,62,Male,49301,48,253.21,22,2,1,7,120.74,0
738,49,Male,111652,57,195.03,12,1,1,9,138.6,0
739,62,Male,82711,19,182.73,16,1,1,2,37.78,0
740,64,Male,61323,46,186.26,26,1,0,8,103.2,0
741,38,Female,38752,51,213.31,23,0,0,7,78.01,0
742,33,Female,117912,3,109.56,24,1,1,6,73.74,0
743,38,Female,102205,42,266.59,26,1,0,5,115.43,0
744,28,Female,118452,19,202.19,19,3,0,4,121.87,0
745,54,Male,33395,9,179.25,23,1,1,7,99.4,1
746,53,Female,105957,28,73.51,17,0,0,3,67.21,0
747,52,Male,76273,20,198.16,13,3,1,8,93.29,0
748,36,Female,111878,45,190.08,15,0,0,2,57.87,0
749,37,Male,24895,7,155.15,24,0,1,1,74.49,1
750,35,Male,96559,14,166.35,19,2,1,2,74.89,1
751,64,Female,30699,9,198.67,25,1,1,9,109.28,0
752,58,Male,85061,59,170.59,13,1,0,5,69.72,0
753,66,Male,29715,55,228.59,20,3,1,8,146.24,0
754,31,Female,39169,57,162.56,19,0,1,3,68.95,0
755,32,Male,36163,19,207.73,21,0,1,7,87.95,0
756,48,Female,25782,47,259.0,17,1,1,2,81.45,0
757,18,Female,108177,52,198.17,23,3,1,8,124.0,0
758,20,Female,104328,14,217.8,21,0,0,7,146.52,0
759,33,Male,55585,56,214.63,19,1,1,5,89.86,0
760,40,Male,50682,38,200.4,19,2,1,4,134.04,0
761,28,Male,67864,53,196.65,28,1,0,1,65.18,0
762,29,Female,104416,36,171.43,22,0,0,5,71.93,1
763,27,Male,75114,40,207.55,19,4,1,9,100.01,1
764,49,Female,58067,17,185.84,17,0,1,10,112.64,0
765,33,Female,62685,30,277.3,15,0,0,4,88.82,0
766,25,Male,38073,9,240.56,22,1,0,9,101.54,0
767,55,Female,56035,33,127.36,27,1,0,2,16.52,1
768,29,Male,84977,56,130.14,19,2,1,4,105.31,0
769,41,Male,110373,52,193.48,20,0,0,9,125.33,0
770,45,Male,103362,25,180.23,17,2,1,4,90.35,0
771,25,Male,110517,14,190.84,16,1,0,5,80.17,0
772,45,Male,85450,11,232.56,20,2,1,8,120.66,0
773,53,Female,30382,53,215.79,17,2,1,1,65.05,1
774,43,Female,24437,35,215.28,13,0,0,1,47.56,0
775,25,Female,90971,41,272.31,20,1,0,9,142.04,0
776,67,Male,84612,59,130.56,22,0,1,9,90.02,0
777,45,Male,110355,14,205.2,27,2,0,4,89.42,1
778,45,Male,81929,30,171.05,14,0,0,2,28.77,0
779,54,Female,117518,41,271.77,22,0,1,9,131.32,0
780,58,Male,118864,4,89.53,22,1,1,4,34.89,1
781,53,Female,32329,59,91.73,19,0,1,6,78.15,0
782,44,Female,45169,4,215.23,14,0,0,1,90.17,0
783,34,Male,107468,28,256.31,19,1,0,9,152.04,0
784,26,Male,54594,8,238.66,26,1,0,5,85.32,1
785,50,Female,96957,2,159.95,19,0,1,3,51.38,1
786,37,Male,80631,41,275.32,24,1,1,4,105.42,0
787,30,Female,65033,46,138.43,12,1,1,1,43.14,0
788,45,Male,83133,22,265.37,19,1,0,9,134.19,0
789,65,Male,93165,41,145.04,22,0,1,8,66.56,0
790,46,Female,93861,56,182.41,20,2,0,4,40.64,0
791,30,Male,72290,55,231.96,16,1,0,2,73.46,0
792,63,Female,114031,16,126.69,24,2,1,9,108.74,0
793,52,Male,51750,29,273.45,16,2,0,4,82.29,0
794,23,Female,115155,49,182.1,11,2,1,9,127.16,0
795,35,Female,60461,48,206.86,19,2,1,10,130.31,0
796,68,Male,93800,30,258.11,30,1,1,3,134.87,0
797,22,Female,98222,12,160.34,19,2,1,7,78.01,1
798,64,Male,44226,35,253.04,18,1,1,7,89.68,0
799,42,Male,26721,11,282.03,23,0,1,10,157.73,1
800,19,Male,76154,46,167.22,11,1,0,4,76.31,0
801,27,Female,40609,50,268.47,22,1,1,2,105.69,0
802,47,Female,72130,21,111.97,20,2,1,9,68.63,0
803,67,Male,92909,21,219.48,18,3,1,4,112.25,0
804,62,Male,75249,5,138.57,22,0,1,8,80.0,0
805,22,Female,68895,48,247.13,16,0,0,2,88.98,0
806,50,Male,114473,20,243.02,20,4,0,8,104.71,0
807,18,Male,25656,37,303.87,22,3,0,10,149.35,0
808,35,Female,94520,3,271.06,21,2,1,5,93.47,1
809,49,Male,83740,44,191.71,26,1,1,7,113.81,0
810,64,Female,84309,33,145.91,19,2,1,7,102.87,0
811,66,Male,49984,53,228.28,19,2,0,9,116.75,0
812,28,Female,93822,9,196.96,20,0,0,3,107.97,0
813,38,Male,25901,9,277.56,20,1,1,10,148.41,1
814,43,Male,51552,4,91.68,19,0,1,4,76.83,0
815,42,Female,111245,35,309.4,25,1,1,10,155.92,0
816,39,Male,51055,17,226.6,23,1,1,4,115.72,0
817,44,Female,57685,34,159.35,23,1,0,10,68.29,0
818,66,Male,93965,24,236.7,24,3,1,5,107.87,1
819,30,Female,34716,32,264.87,12,0,1,6,97.52,0
820,50,Female,31138,1,205.72,18,2,1,3,90.42,1
821,51,Female,55298,8,111.75,21,0,1,4,72.26,0
822,58,Female,71112,45,185.31,24,1,1,3,97.94,0
823,52,Male,43429,23,251.97,22,1,1,2,106.49,0
824,18,Male,70200,47,224.83,22,2,1,10,121.81,0
825,38,Female,91308,40,192.17,30,2,1,9,99.08,0
826,65,Female,68244,12,265.42,16,1,1,1,48.58,1
827,23,Female,37347,54,236.97,24,1,0,2,83.67,0
828,45,Male,36920,12,240.82,22,0,1,8,146.1,0
829,34,Male,51822,46,179.47,20,1,1,7,102.01,0
830,22,Male,66659,47,174.63,16,1,0,1,56.49,0
831,48,Male,60108,15,115.0,24,2,1,5,73.56,0
832,22,Female,109099,41,187.03,27,2,0,10,99.7,0
833,55,Female,27967,19,246.77,18,1,0,6,108.83,0
834,20,Female,31871,26,189.8,20,1,0,5,74.84,0
835,40,Male,114299,52,222.28,28,1,1,4,80.11,0
836,54,Male,97452,29,255.56,27,1,1,1,91.51,1
837,54,Male,94270,22,218.64,25,1,1,7,109.9,0
838,27,Female,53613,40,223.53,17,0,1,9,160.41,0
839,27,Female,48179,21,132.11,16,2,1,6,64.32,0
840,36,Male,72188,51,183.87,16,1,0,3,67.77,0
841,34,Female,75099,38,286.33,22,1,0,10,131.87,0
842,38,Male,55262,20,205.19,20,2,1,4,83.6,1
843,31,Male,98213,57,294.84,12,1,1,10,159.31,0
844,26,Female,38268,29,163.84,18,1,1,5,129.81,0
845,63,Male,97866,51,211.7,20,1,1,1,73.09,0
846,18,Female,106269,4,180.87,13,2,1,5,100.23,1
847,68,Male,80545,55,229.6,19,1,0,1,36.58,0
848,62,Female,112822,7,244.75,25,2,1,9,121.8,0
849,30,Female,92146,28,230.12,13,0,1,7,145.79,0
850,21,Female,91966,28,252.09,15,0,1,3,100.28,0
851,18,Male,59922,4,199.34,18,1,0,9,115.75,0
852,66,Male,99364,22,190.47,16,1,1,2,65.49,0
853,57,Female,62913,12,112.09,15,2,1,7,84.53,0
854,49,Female,117033,45,231.92,20,2,0,9,148.23,0
855,51,Male,75677,3,208.61,19,0,1,6,80.33,0
856,45,Male,69841,22,196.6,15,2,0,10,153.46,0
857,48,Male,66332,44,190.46,19,1,1,5,62.17,0
858,25,Female,112062,2,198.16,16,1,1,7,95.54,1
859,56,Male,115694,24,188.19,26,1,1,6,81.04,0
860,43,Male,45032,34,173.6,16,1,0,5,72.43,0
861,51,Female,57846,27,211.98,25,1,0,2,57.87,1
862,20,Male,79474,55,224.21,20,1,0,8,89.77,0
863,67,Male,64936,41,161.47,12,1,0,7,60.31,0
864,29,Male,49794,1,179.96,13,1,0,6,97.52,1
865,18,Female,81588,8,189.77,16,0,1,5,87.97,0
866,61,Female,90984,23,200.24,20,1,0,5,76.08,0
867,22,Female,70331,38,193.59,17,2,1,9,119.57,0
868,47,Female,114397,6,232.99,15,1,0,1,45.75,1
869,47,Female,48141,22,117.38,17,0,1,9,97.19,0
870,34,Female,29074,25,126.25,22,2,1,6,77.1,0
871,65,Female,26406,18,209.68,19,0,1,4,92.59,0
872,64,Male,117359,17,169.87,15,0,1,10,122.09,0
873,40,Male,43291,12,244.21,21,0,0,7,142.18,0
874,32,Female,61568,6,258.49,15,1,1,9,139.76,0
875,54,Male,117539,26,211.69,24,3,1,5,95.71,0
876,38,Male,66851,27,146.4,19,2,1,5,56.22,1
877,31,Female,119942,8,252.73,16,1,1,8,78.8,0
878,19,Male,74823,19,209.95,24,1,1,7,111.74,1
879,28,Male,43312,42,125.65,20,2,1,8,63.5,0
880,68,Male,63108,1,130.07,24,0,1,10,49.42,0
881,56,Male,86918,57,275.85,17,0,1,2,96.59,0
882,55,Male,54171,29,267.56,19,1,1,9,141.01,0
883,51,Female,61779,45,74.14,20,1,0,3,53.13,0
884,55,Female,88828,49,132.11,27,0,0,6,92.21,0
885,67,Female,118723,35,257.04,10,1,1,6,135.13,0
886,51,Male,32411,40,199.08,14,1,1,2,98.48,1
887,35,Female,77009,14,235.09,23,1,0,7,77.32,0
888,47,Male,35422,35,196.9,16,0,0,9,101.88,0
889,32,Male,62468,48,232.72,20,2,1,10,142.41,0
890,44,Male,52371,45,200.29,18,1,1,1,76.91,0
891,68,Male,77022,20,178.12,20,0,0,8,91.33,0
892,51,Female,91229,56,252.94,21,0,1,2,97.49,0
893,69,Female,119071,49,210.1,26,5,1,1,84.24,1
894,55,Male,71196,13,232.62,18,0,1,8,119.15,0
895,50,Female,100354,38,207.87,15,0,1,2,66.19,0
896,41,Male,116774,49,175.68,17,4,1,6,59.5,1
897,32,Female,116410,46,280.42,18,1,0,6,110.95,0
898,47,Female,46715,49,217.75,31,2,1,5,103.02,0
899,59,Male,47605,8,182.25,23,2,0,8,96.76,0
900,68,Female,119853,43,263.92,18,0,1,3,124.13,0
901,34,Male,51174,20,133.96,22,3,0,10,113.9,1
902,22,Female,29956,33,311.81,20,0,1,4,122.46,0
903,46,Male,96373,26,191.04,23,0,0,7,91.52,0
904,21,Male,89252,39,136.6,18,0,1,7,98.34,0
905,27,Female,81949,21,295.3,18,0,0,8,138.02,0
906,34,Female,82646,53,176.84,12,1,1,2,64.8,0
907,27,Male,90017,49,212.16,21,1,1,2,97.88,0
908,34,Female,83037,42,235.88,23,0,1,4,98.99,0
909,37,Female,109818,43,259.21,19,3,1,10,136.21,0
910,41,Male,26548,54,214.99,17,0,0,9,119.02,0
911,22,Male,93294,41,167.63,27,1,1,10,105.62,0
912,51,Female,43177,9,210.95,21,1,1,9,121.23,0
913,23,Male,44022,24,179.03,22,1,1,4,90.76,1
914,19,Male,25542,37,212.45,16,3,1,9,135.88,0
915,30,Male,111012,49,281.41,25,2,1,3,125.64,0
916,60,Female,116320,41,237.8,20,0,1,5,112.68,0
917,60,Female,80428,17,210.33,19,2,1,10,71.87,0
918,65,Male,42740,24,236.92,28,0,1,9,132.34,0
919,28,Female,79353,21,240.5,15,1,1,6,120.86,0
920,68,Male,110353,51,146.11,10,1,1,3,81.35,0
921,64,Female,76532,59,202.09,28,1,0,10,92.91,0
922,40,Male,36052,39,328.13,18,1,0,9,101.9,0
923,33,Male,67076,55,260.64,25,2,0,6,125.57,0
924,48,Female,73420,41,174.83,22,1,0,4,49.06,0
925,28,Male,20671,39,169.84,19,0,1,4,106.35,0
926,33,Female,20163,13,168.17,17,1,1,8,89.73,0
927,25,Female,61424,11,243.32,34,1,0,7,89.15,0
928,21,Male,73744,46,280.38,19,0,1,1,107.06,1
929,57,Male,90331,19,229.11,20,0,1,6,122.06,0
930,21,Female,30634,11,207.86,19,1,1,8,124.44,0
931,42,Male,24798,13,177.79,22,1,1,3,89.47,1
932,20,Male,42420,46,216.47,16,0,1,9,106.59,0
933,49,Male,49300,45,158.99,18,2,1,10,78.06,0
934,20,Male,109881,1,103.21,23,1,0,2,34.32,1
935,44,Male,30749,40,281.84,26,4,0,6,92.94,0
936,46,Female,45121,44,149.71,23,2,0,1,59.71,0
937,49,Female,57487,19,183.76,14,3,0,2,83.31,1
938,67,Male,113947,12,232.82,27,2,1,5,109.65,0
939,68,Male,53361,8,271.72,14,1,1,1,97.2,1
940,36,Male,41223,8,212.86,25,1,1,8,108.9,1
941,38,Female,92930,53,140.31,20,3,1,1,77.7,0
942,22,Male,34056,45,184.93,12,0,0,9,64.47,0
943,35,Female,48380,12,166.08,23,0,1,10,86.85,0
944,45,Female,46035,48,198.09,16,1,1,3,121.76,0
945,59,Female,50620,33,261.6,16,1,0,2,64.18,0
946,39,Male,39877,45,73.13,33,1,0,1,39.21,0
947,38,Female,75316,26,179.43,29,1,1,9,125.01,0
948,23,Male,84041,39,175.8,21,0,1,4,45.26,0
949,18,Female,73352,28,137.16,32,0,1,1,23.06,0
950,22,Male,50911,58,229.27,20,1,1,1,110.08,0
951,58,Female,52784,5,129.25,17,0,1,7,65.17,0
952,29,Male,23191,8,135.01,21,0,0,2,32.64,1
953,43,Female,53160,25,242.55,22,1,0,7,98.45,0
954,63,Male,110536,27,275.03,24,0,1,7,109.3,0
955,51,Male,84641,46,196.2,18,0,1,10,130.29,0
956,66,Male,69723,23,139.13,20,2,1,9,74.1,1
957,31,Male,23631,30,164.72,16,2,1,7,55.9,0
958,43,Female,26172,45,250.4,12,3,1,1,113.85,1
959,62,Female,62080,47,205.82,24,1,1,8,90.29,0
960,44,Male,109097,23,194.95,17,1,1,8,94.29,1
961,26,Female,110353,49,215.65,14,0,1,4,111.99,0
962,43,Male,40281,47,198.12,28,1,0,8,102.24,0
963,64,Male,48671,20,277.29,20,1,1,4,136.43,1
964,39,Female,71431,18,162.54,25,0,1,8,116.91,0
965,64,Male,110900,18,156.8,17,2,1,5,73.82,1
966,47,Male,112961,2,130.83,24,0,0,4,80.89,1
967,60,Female,48602,4,173.0,19,0,1,6,96.21,0
968,65,Male,108789,30,145.4,23,2,1,2,52.8,0
969,34,Male,71399,33,210.9,17,3,1,2,89.93,0
970,43,Male,43472,36,201.05,18,0,1,2,55.03,1
971,53,Male,69230,18,146.05,9,2,0,9,105.94,0
972,18,Female,93616,37,229.46,19,1,1,10,143.87,0
973,25,Female,27099,19,275.84,19,1,1,3,111.11,1
974,66,Female,45431,47,217.89,21,1,1,10,88.05,0
975,52,Male,76492,28,72.83,15,4,0,4,65.69,0
976,69,Male,116722,40,299.36,18,1,0,10,149.45,0
977,32,Female,67684,20,237.35,20,0,1,8,121.75,0
978,64,Male,50111,49,297.82,24,0,1,4,116.93,0
979,39,Male,83936,33,254.54,24,0,1,10,126.83,0
980,31,Male,42614,12,264.53,11,1,0,10,123.02,0
981,43,Male,112260,58,210.26,27,1,1,7,124.81,0
982,45,Female,61991,51,186.89,20,1,1,5,81.73,0
983,40,Female,90476,15,218.67,15,1,0,9,105.86,0
984,31,Female,80920,41,164.56,16,0,1,4,77.62,0
985,41,Male,114294,39,221.69,26,2,1,3,90.8,0
986,19,Female,83530,2,68.66,12,1,1,2,28.84,1
987,62,Female,56224,29,202.15,22,1,0,1,63.34,0
988,43,Male,27788,41,267.23,17,2,1,6,127.89,0
989,31,Male,48082,10,204.72,20,0,0,10,94.32,0
990,68,Female,109570,2,286.37,23,1,0,2,93.75,1
991,24,Female,96816,51,186.81,22,0,0,8,135.76,0
992,20,Female,103588,11,250.13,20,1,1,6,114.78,0
993,64,Female,36531,13,156.09,28,1,0,5,54.62,0
994,40,Male,108340,10,248.1,19,1,1,2,74.43,1
995,63,Female,114439,14,211.63,22,1,0,7,74.29,0
996,60,Female,64857,18,189.01,25,2,0,2,100.5,1
997,64,Male,30142,51,71.31,15,1,1,5,77.3,0
998,62,Female,68355,54,187.28,17,1,0,2,41.24,0
999,35,Male,29866,9,210.67,16,0,1,10,128.28,0
1000,55,Male,90067,57,241.44,14,1,0,2,107.63,0
